Timestamp,"Power (Wm) - sid = 787470 (Incomer)"
"2018-07-01 00:00:00",605.00
"2018-07-01 00:01:00",586.00
"2018-07-01 00:02:00",602.00
"2018-07-01 00:03:00",579.00
"2018-07-01 00:04:00",621.00
"2018-07-01 00:05:00",618.00
"2018-07-01 00:06:00",612.00
"2018-07-01 00:07:00",578.00
"2018-07-01 00:08:00",559.00
"2018-07-01 00:09:00",567.00
"2018-07-01 00:10:00",564.00
"2018-07-01 00:11:00",566.00
"2018-07-01 00:12:00",578.00
"2018-07-01 00:13:00",587.00
"2018-07-01 00:14:00",603.00
"2018-07-01 00:15:00",584.00
"2018-07-01 00:16:00",564.00
"2018-07-01 00:17:00",566.00
"2018-07-01 00:18:00",563.00
"2018-07-01 00:19:00",578.00
"2018-07-01 00:20:00",588.00
"2018-07-01 00:21:00",594.00
"2018-07-01 00:22:00",588.00
"2018-07-01 00:23:00",590.00
"2018-07-01 00:24:00",593.00
"2018-07-01 00:25:00",580.00
"2018-07-01 00:26:00",579.00
"2018-07-01 00:27:00",573.00
"2018-07-01 00:28:00",595.00
"2018-07-01 00:29:00",583.00
"2018-07-01 00:30:00",598.00
"2018-07-01 00:31:00",591.00
"2018-07-01 00:32:00",586.00
"2018-07-01 00:33:00",601.00
"2018-07-01 00:34:00",601.00
"2018-07-01 00:35:00",601.00
"2018-07-01 00:36:00",585.00
"2018-07-01 00:37:00",586.00
"2018-07-01 00:38:00",594.00
"2018-07-01 00:39:00",568.00
"2018-07-01 00:40:00",564.00
"2018-07-01 00:41:00",558.00
"2018-07-01 00:42:00",549.00
"2018-07-01 00:43:00",556.00
"2018-07-01 00:44:00",553.00
"2018-07-01 00:45:00",562.00
"2018-07-01 00:46:00",574.00
"2018-07-01 00:47:00",574.00
"2018-07-01 00:48:00",585.00
"2018-07-01 00:49:00",559.00
"2018-07-01 00:50:00",560.00
"2018-07-01 00:51:00",577.00
"2018-07-01 00:52:00",574.00
"2018-07-01 00:53:00",555.00
"2018-07-01 00:54:00",560.00
"2018-07-01 00:55:00",558.00
"2018-07-01 00:56:00",536.00
"2018-07-01 00:57:00",541.00
"2018-07-01 00:58:00",548.00
"2018-07-01 00:59:00",544.00
"2018-07-01 01:00:00",549.00
"2018-07-01 01:01:00",555.00
"2018-07-01 01:02:00",553.00
"2018-07-01 01:03:00",561.00
"2018-07-01 01:04:00",586.00
"2018-07-01 01:05:00",647.00
"2018-07-01 01:06:00",639.00
"2018-07-01 01:07:00",643.00
"2018-07-01 01:08:00",648.00
"2018-07-01 01:09:00",649.00
"2018-07-01 01:10:00",624.00
"2018-07-01 01:11:00",607.00
"2018-07-01 01:12:00",573.00
"2018-07-01 01:13:00",608.00
"2018-07-01 01:14:00",599.00
"2018-07-01 01:15:00",617.00
"2018-07-01 01:16:00",696.00
"2018-07-01 01:17:00",792.00
"2018-07-01 01:18:00",793.00
"2018-07-01 01:19:00",585.00
"2018-07-01 01:20:00",548.00
"2018-07-01 01:21:00",542.00
"2018-07-01 01:22:00",551.00
"2018-07-01 01:23:00",551.00
"2018-07-01 01:24:00",562.00
"2018-07-01 01:25:00",569.00
"2018-07-01 01:26:00",555.00
"2018-07-01 01:27:00",549.00
"2018-07-01 01:28:00",550.00
"2018-07-01 01:29:00",549.00
"2018-07-01 01:30:00",546.00
"2018-07-01 01:31:00",532.00
"2018-07-01 01:32:00",554.00
"2018-07-01 01:33:00",552.00
"2018-07-01 01:34:00",550.00
"2018-07-01 01:35:00",537.00
"2018-07-01 01:36:00",540.00
"2018-07-01 01:37:00",482.00
"2018-07-01 01:38:00",485.00
"2018-07-01 01:39:00",483.00
"2018-07-01 01:40:00",480.00
"2018-07-01 01:41:00",481.00
"2018-07-01 01:42:00",477.00
"2018-07-01 01:43:00",472.00
"2018-07-01 01:44:00",450.00
"2018-07-01 01:45:00",441.00
"2018-07-01 01:46:00",437.00
"2018-07-01 01:47:00",447.00
"2018-07-01 01:48:00",460.00
"2018-07-01 01:49:00",456.00
"2018-07-01 01:50:00",448.00
"2018-07-01 01:51:00",444.00
"2018-07-01 01:52:00",483.00
"2018-07-01 01:53:00",495.00
"2018-07-01 01:54:00",495.00
"2018-07-01 01:55:00",499.00
"2018-07-01 01:56:00",519.00
"2018-07-01 01:57:00",511.00
"2018-07-01 01:58:00",506.00
"2018-07-01 01:59:00",500.00
"2018-07-01 02:00:00",453.00
"2018-07-01 02:01:00",446.00
"2018-07-01 02:02:00",457.00
"2018-07-01 02:03:00",451.00
"2018-07-01 02:04:00",453.00
"2018-07-01 02:05:00",466.00
"2018-07-01 02:06:00",455.00
"2018-07-01 02:07:00",450.00
"2018-07-01 02:08:00",457.00
"2018-07-01 02:09:00",451.00
"2018-07-01 02:10:00",449.00
"2018-07-01 02:11:00",452.00
"2018-07-01 02:12:00",456.00
"2018-07-01 02:13:00",456.00
"2018-07-01 02:14:00",453.00
"2018-07-01 02:15:00",442.00
"2018-07-01 02:16:00",447.00
"2018-07-01 02:17:00",452.00
"2018-07-01 02:18:00",446.00
"2018-07-01 02:19:00",454.00
"2018-07-01 02:20:00",453.00
"2018-07-01 02:21:00",453.00
"2018-07-01 02:22:00",446.00
"2018-07-01 02:23:00",499.00
"2018-07-01 02:24:00",441.00
"2018-07-01 02:25:00",442.00
"2018-07-01 02:26:00",448.00
"2018-07-01 02:27:00",444.00
"2018-07-01 02:28:00",458.00
"2018-07-01 02:29:00",447.00
"2018-07-01 02:30:00",445.00
"2018-07-01 02:31:00",438.00
"2018-07-01 02:32:00",445.00
"2018-07-01 02:33:00",443.00
"2018-07-01 02:34:00",444.00
"2018-07-01 02:35:00",445.00
"2018-07-01 02:36:00",458.00
"2018-07-01 02:37:00",463.00
"2018-07-01 02:38:00",461.00
"2018-07-01 02:39:00",445.00
"2018-07-01 02:40:00",441.00
"2018-07-01 02:41:00",446.00
"2018-07-01 02:42:00",460.00
"2018-07-01 02:43:00",501.00
"2018-07-01 02:44:00",507.00
"2018-07-01 02:45:00",509.00
"2018-07-01 02:46:00",502.00
"2018-07-01 02:47:00",494.00
"2018-07-01 02:48:00",490.00
"2018-07-01 02:49:00",492.00
"2018-07-01 02:50:00",473.00
"2018-07-01 02:51:00",442.00
"2018-07-01 02:52:00",440.00
"2018-07-01 02:53:00",435.00
"2018-07-01 02:54:00",430.00
"2018-07-01 02:55:00",423.00
"2018-07-01 02:56:00",424.00
"2018-07-01 02:57:00",426.00
"2018-07-01 02:58:00",422.00
"2018-07-01 02:59:00",432.00
"2018-07-01 03:00:00",430.00
"2018-07-01 03:01:00",432.00
"2018-07-01 03:02:00",433.00
"2018-07-01 03:03:00",417.00
"2018-07-01 03:04:00",459.00
"2018-07-01 03:05:00",489.00
"2018-07-01 03:06:00",485.00
"2018-07-01 03:07:00",492.00
"2018-07-01 03:08:00",520.00
"2018-07-01 03:09:00",505.00
"2018-07-01 03:10:00",503.00
"2018-07-01 03:11:00",483.00
"2018-07-01 03:12:00",484.00
"2018-07-01 03:13:00",513.00
"2018-07-01 03:14:00",603.00
"2018-07-01 03:15:00",580.00
"2018-07-01 03:16:00",572.00
"2018-07-01 03:17:00",627.00
"2018-07-01 03:18:00",672.00
"2018-07-01 03:19:00",1035.00
"2018-07-01 03:20:00",554.00
"2018-07-01 03:21:00",543.00
"2018-07-01 03:22:00",543.00
"2018-07-01 03:23:00",547.00
"2018-07-01 03:24:00",513.00
"2018-07-01 03:25:00",490.00
"2018-07-01 03:26:00",497.00
"2018-07-01 03:27:00",488.00
"2018-07-01 03:28:00",486.00
"2018-07-01 03:29:00",480.00
"2018-07-01 03:30:00",487.00
"2018-07-01 03:31:00",492.00
"2018-07-01 03:32:00",496.00
"2018-07-01 03:33:00",498.00
"2018-07-01 03:34:00",466.00
"2018-07-01 03:35:00",438.00
"2018-07-01 03:36:00",455.00
"2018-07-01 03:37:00",451.00
"2018-07-01 03:38:00",562.00
"2018-07-01 03:39:00",568.00
"2018-07-01 03:40:00",574.00
"2018-07-01 03:41:00",544.00
"2018-07-01 03:42:00",474.00
"2018-07-01 03:43:00",457.00
"2018-07-01 03:44:00",451.00
"2018-07-01 03:45:00",453.00
"2018-07-01 03:46:00",451.00
"2018-07-01 03:47:00",455.00
"2018-07-01 03:48:00",461.00
"2018-07-01 03:49:00",534.00
"2018-07-01 03:50:00",527.00
"2018-07-01 03:51:00",481.00
"2018-07-01 03:52:00",488.00
"2018-07-01 03:53:00",487.00
"2018-07-01 03:54:00",487.00
"2018-07-01 03:55:00",488.00
"2018-07-01 03:56:00",486.00
"2018-07-01 03:57:00",440.00
"2018-07-01 03:58:00",438.00
"2018-07-01 03:59:00",426.00
"2018-07-01 04:00:00",473.00
"2018-07-01 04:01:00",426.00
"2018-07-01 04:02:00",426.00
"2018-07-01 04:03:00",436.00
"2018-07-01 04:04:00",439.00
"2018-07-01 04:05:00",439.00
"2018-07-01 04:06:00",440.00
"2018-07-01 04:07:00",425.00
"2018-07-01 04:08:00",428.00
"2018-07-01 04:09:00",429.00
"2018-07-01 04:10:00",430.00
"2018-07-01 04:11:00",428.00
"2018-07-01 04:12:00",435.00
"2018-07-01 04:13:00",437.00
"2018-07-01 04:14:00",436.00
"2018-07-01 04:15:00",427.00
"2018-07-01 04:16:00",424.00
"2018-07-01 04:17:00",427.00
"2018-07-01 04:18:00",427.00
"2018-07-01 04:19:00",431.00
"2018-07-01 04:20:00",430.00
"2018-07-01 04:21:00",436.00
"2018-07-01 04:22:00",433.00
"2018-07-01 04:23:00",423.00
"2018-07-01 04:24:00",424.00
"2018-07-01 04:25:00",425.00
"2018-07-01 04:26:00",422.00
"2018-07-01 04:27:00",425.00
"2018-07-01 04:28:00",433.00
"2018-07-01 04:29:00",435.00
"2018-07-01 04:30:00",431.00
"2018-07-01 04:31:00",426.00
"2018-07-01 04:32:00",416.00
"2018-07-01 04:33:00",411.00
"2018-07-01 04:34:00",423.00
"2018-07-01 04:35:00",431.00
"2018-07-01 04:36:00",436.00
"2018-07-01 04:37:00",439.00
"2018-07-01 04:38:00",428.00
"2018-07-01 04:39:00",427.00
"2018-07-01 04:40:00",426.00
"2018-07-01 04:41:00",456.00
"2018-07-01 04:42:00",423.00
"2018-07-01 04:43:00",423.00
"2018-07-01 04:44:00",436.00
"2018-07-01 04:45:00",443.00
"2018-07-01 04:46:00",435.00
"2018-07-01 04:47:00",423.00
"2018-07-01 04:48:00",411.00
"2018-07-01 04:49:00",415.00
"2018-07-01 04:50:00",416.00
"2018-07-01 04:51:00",407.00
"2018-07-01 04:52:00",404.00
"2018-07-01 04:53:00",388.00
"2018-07-01 04:54:00",384.00
"2018-07-01 04:55:00",383.00
"2018-07-01 04:56:00",385.00
"2018-07-01 04:57:00",371.00
"2018-07-01 04:58:00",376.00
"2018-07-01 04:59:00",364.00
"2018-07-01 05:00:00",373.00
"2018-07-01 05:01:00",368.00
"2018-07-01 05:02:00",365.00
"2018-07-01 05:03:00",358.00
"2018-07-01 05:04:00",365.00
"2018-07-01 05:05:00",391.00
"2018-07-01 05:06:00",394.00
"2018-07-01 05:07:00",400.00
"2018-07-01 05:08:00",410.00
"2018-07-01 05:09:00",421.00
"2018-07-01 05:10:00",466.00
"2018-07-01 05:11:00",470.00
"2018-07-01 05:12:00",449.00
"2018-07-01 05:13:00",463.00
"2018-07-01 05:14:00",450.00
"2018-07-01 05:15:00",459.00
"2018-07-01 05:16:00",482.00
"2018-07-01 05:17:00",456.00
"2018-07-01 05:18:00",400.00
"2018-07-01 05:19:00",391.00
"2018-07-01 05:20:00",390.00
"2018-07-01 05:21:00",391.00
"2018-07-01 05:22:00",389.00
"2018-07-01 05:23:00",394.00
"2018-07-01 05:24:00",395.00
"2018-07-01 05:25:00",396.00
"2018-07-01 05:26:00",388.00
"2018-07-01 05:27:00",386.00
"2018-07-01 05:28:00",386.00
"2018-07-01 05:29:00",379.00
"2018-07-01 05:30:00",376.00
"2018-07-01 05:31:00",380.00
"2018-07-01 05:32:00",380.00
"2018-07-01 05:33:00",386.00
"2018-07-01 05:34:00",380.00
"2018-07-01 05:35:00",369.00
"2018-07-01 05:36:00",355.00
"2018-07-01 05:37:00",314.00
"2018-07-01 05:38:00",310.00
"2018-07-01 05:39:00",335.00
"2018-07-01 05:40:00",317.00
"2018-07-01 05:41:00",323.00
"2018-07-01 05:42:00",308.00
"2018-07-01 05:43:00",312.00
"2018-07-01 05:44:00",310.00
"2018-07-01 05:45:00",308.00
"2018-07-01 05:46:00",878.00
"2018-07-01 05:47:00",315.00
"2018-07-01 05:48:00",362.00
"2018-07-01 05:49:00",369.00
"2018-07-01 05:50:00",373.00
"2018-07-01 05:51:00",371.00
"2018-07-01 05:52:00",374.00
"2018-07-01 05:53:00",376.00
"2018-07-01 05:54:00",377.00
"2018-07-01 05:55:00",367.00
"2018-07-01 05:56:00",390.00
"2018-07-01 05:57:00",364.00
"2018-07-01 05:58:00",355.00
"2018-07-01 05:59:00",346.00
"2018-07-01 06:00:00",406.00
"2018-07-01 06:01:00",470.00
"2018-07-01 06:02:00",468.00
"2018-07-01 06:03:00",1043.00
"2018-07-01 06:04:00",464.00
"2018-07-01 06:05:00",449.00
"2018-07-01 06:06:00",956.00
"2018-07-01 06:07:00",670.00
"2018-07-01 06:08:00",1051.00
"2018-07-01 06:09:00",650.00
"2018-07-01 06:10:00",427.00
"2018-07-01 06:11:00",1226.00
"2018-07-01 06:12:00",452.00
"2018-07-01 06:13:00",1344.00
"2018-07-01 06:14:00",979.00
"2018-07-01 06:15:00",995.00
"2018-07-01 06:16:00",1687.00
"2018-07-01 06:17:00",944.00
"2018-07-01 06:18:00",957.00
"2018-07-01 06:19:00",940.00
"2018-07-01 06:20:00",971.00
"2018-07-01 06:21:00",947.00
"2018-07-01 06:22:00",991.00
"2018-07-01 06:23:00",1072.00
"2018-07-01 06:24:00",1085.00
"2018-07-01 06:25:00",1093.00
"2018-07-01 06:26:00",1079.00
"2018-07-01 06:27:00",1077.00
"2018-07-01 06:28:00",1096.00
"2018-07-01 06:29:00",1084.00
"2018-07-01 06:30:00",1081.00
"2018-07-01 06:31:00",930.00
"2018-07-01 06:32:00",993.00
"2018-07-01 06:33:00",1004.00
"2018-07-01 06:34:00",1035.00
"2018-07-01 06:35:00",1019.00
"2018-07-01 06:36:00",2154.00
"2018-07-01 06:37:00",950.00
"2018-07-01 06:38:00",977.00
"2018-07-01 06:39:00",927.00
"2018-07-01 06:40:00",885.00
"2018-07-01 06:41:00",932.00
"2018-07-01 06:42:00",901.00
"2018-07-01 06:43:00",902.00
"2018-07-01 06:44:00",906.00
"2018-07-01 06:45:00",871.00
"2018-07-01 06:46:00",884.00
"2018-07-01 06:47:00",915.00
"2018-07-01 06:48:00",895.00
"2018-07-01 06:49:00",983.00
"2018-07-01 06:50:00",1047.00
"2018-07-01 06:51:00",941.00
"2018-07-01 06:52:00",909.00
"2018-07-01 06:53:00",889.00
"2018-07-01 06:54:00",935.00
"2018-07-01 06:55:00",895.00
"2018-07-01 06:56:00",901.00
"2018-07-01 06:57:00",890.00
"2018-07-01 06:58:00",1115.00
"2018-07-01 06:59:00",1217.00
"2018-07-01 07:00:00",1005.00
"2018-07-01 07:01:00",950.00
"2018-07-01 07:02:00",924.00
"2018-07-01 07:03:00",984.00
"2018-07-01 07:04:00",926.00
"2018-07-01 07:05:00",1303.00
"2018-07-01 07:06:00",1361.00
"2018-07-01 07:07:00",1005.00
"2018-07-01 07:08:00",1023.00
"2018-07-01 07:09:00",1203.00
"2018-07-01 07:10:00",1207.00
"2018-07-01 07:11:00",1013.00
"2018-07-01 07:12:00",1014.00
"2018-07-01 07:13:00",955.00
"2018-07-01 07:14:00",1008.00
"2018-07-01 07:15:00",1003.00
"2018-07-01 07:16:00",987.00
"2018-07-01 07:17:00",980.00
"2018-07-01 07:18:00",994.00
"2018-07-01 07:19:00",1011.00
"2018-07-01 07:20:00",1040.00
"2018-07-01 07:21:00",994.00
"2018-07-01 07:22:00",1007.00
"2018-07-01 07:23:00",1010.00
"2018-07-01 07:24:00",1013.00
"2018-07-01 07:25:00",1006.00
"2018-07-01 07:26:00",928.00
"2018-07-01 07:27:00",906.00
"2018-07-01 07:28:00",1061.00
"2018-07-01 07:29:00",3045.00
"2018-07-01 07:30:00",3655.00
"2018-07-01 07:31:00",1574.00
"2018-07-01 07:32:00",950.00
"2018-07-01 07:33:00",996.00
"2018-07-01 07:34:00",1007.00
"2018-07-01 07:35:00",1026.00
"2018-07-01 07:36:00",994.00
"2018-07-01 07:37:00",958.00
"2018-07-01 07:38:00",992.00
"2018-07-01 07:39:00",1041.00
"2018-07-01 07:40:00",983.00
"2018-07-01 07:41:00",1005.00
"2018-07-01 07:42:00",1020.00
"2018-07-01 07:43:00",978.00
"2018-07-01 07:44:00",1058.00
"2018-07-01 07:45:00",1079.00
"2018-07-01 07:46:00",948.00
"2018-07-01 07:47:00",924.00
"2018-07-01 07:48:00",1018.00
"2018-07-01 07:49:00",1075.00
"2018-07-01 07:50:00",1043.00
"2018-07-01 07:51:00",1036.00
"2018-07-01 07:52:00",982.00
"2018-07-01 07:53:00",987.00
"2018-07-01 07:54:00",1020.00
"2018-07-01 07:55:00",969.00
"2018-07-01 07:56:00",943.00
"2018-07-01 07:57:00",924.00
"2018-07-01 07:58:00",923.00
"2018-07-01 07:59:00",895.00
"2018-07-01 08:00:00",849.00
"2018-07-01 08:01:00",850.00
"2018-07-01 08:02:00",855.00
"2018-07-01 08:03:00",866.00
"2018-07-01 08:04:00",866.00
"2018-07-01 08:05:00",1337.00
"2018-07-01 08:06:00",1013.00
"2018-07-01 08:07:00",1085.00
"2018-07-01 08:08:00",1078.00
"2018-07-01 08:09:00",956.00
"2018-07-01 08:10:00",929.00
"2018-07-01 08:11:00",951.00
"2018-07-01 08:12:00",913.00
"2018-07-01 08:13:00",1360.00
"2018-07-01 08:14:00",1458.00
"2018-07-01 08:15:00",935.00
"2018-07-01 08:16:00",872.00
"2018-07-01 08:17:00",562.00
"2018-07-01 08:18:00",271.00
"2018-07-01 08:19:00",328.00
"2018-07-01 08:20:00",341.00
"2018-07-01 08:21:00",340.00
"2018-07-01 08:22:00",333.00
"2018-07-01 08:23:00",314.00
"2018-07-01 08:24:00",318.00
"2018-07-01 08:25:00",337.00
"2018-07-01 08:26:00",325.00
"2018-07-01 08:27:00",318.00
"2018-07-01 08:28:00",357.00
"2018-07-01 08:29:00",381.00
"2018-07-01 08:30:00",387.00
"2018-07-01 08:31:00",360.00
"2018-07-01 08:32:00",331.00
"2018-07-01 08:33:00",351.00
"2018-07-01 08:34:00",328.00
"2018-07-01 08:35:00",320.00
"2018-07-01 08:36:00",342.00
"2018-07-01 08:37:00",337.00
"2018-07-01 08:38:00",335.00
"2018-07-01 08:39:00",325.00
"2018-07-01 08:40:00",336.00
"2018-07-01 08:41:00",334.00
"2018-07-01 08:42:00",329.00
"2018-07-01 08:43:00",328.00
"2018-07-01 08:44:00",323.00
"2018-07-01 08:45:00",289.00
"2018-07-01 08:46:00",284.00
"2018-07-01 08:47:00",334.00
"2018-07-01 08:48:00",387.00
"2018-07-01 08:49:00",795.00
"2018-07-01 08:50:00",394.00
"2018-07-01 08:51:00",402.00
"2018-07-01 08:52:00",1012.00
"2018-07-01 08:53:00",373.00
"2018-07-01 08:54:00",518.00
"2018-07-01 08:55:00",515.00
"2018-07-01 08:56:00",312.00
"2018-07-01 08:57:00",296.00
"2018-07-01 08:58:00",267.00
"2018-07-01 08:59:00",195.00
"2018-07-01 09:00:00",524.00
"2018-07-01 09:01:00",581.00
"2018-07-01 09:02:00",378.00
"2018-07-01 09:03:00",417.00
"2018-07-01 09:04:00",822.00
"2018-07-01 09:05:00",670.00
"2018-07-01 09:06:00",1067.00
"2018-07-01 09:07:00",639.00
"2018-07-01 09:08:00",392.00
"2018-07-01 09:09:00",1183.00
"2018-07-01 09:10:00",542.00
"2018-07-01 09:11:00",825.00
"2018-07-01 09:12:00",1919.00
"2018-07-01 09:13:00",843.00
"2018-07-01 09:14:00",1097.00
"2018-07-01 09:15:00",1058.00
"2018-07-01 09:16:00",689.00
"2018-07-01 09:17:00",670.00
"2018-07-01 09:18:00",686.00
"2018-07-01 09:19:00",694.00
"2018-07-01 09:20:00",711.00
"2018-07-01 09:21:00",709.00
"2018-07-01 09:22:00",1410.00
"2018-07-01 09:23:00",713.00
"2018-07-01 09:24:00",975.00
"2018-07-01 09:25:00",1194.00
"2018-07-01 09:26:00",1208.00
"2018-07-01 09:27:00",735.00
"2018-07-01 09:28:00",721.00
"2018-07-01 09:29:00",2779.00
"2018-07-01 09:30:00",4051.00
"2018-07-01 09:31:00",3407.00
"2018-07-01 09:32:00",1904.00
"2018-07-01 09:33:00",927.00
"2018-07-01 09:34:00",839.00
"2018-07-01 09:35:00",823.00
"2018-07-01 09:36:00",797.00
"2018-07-01 09:37:00",860.00
"2018-07-01 09:38:00",925.00
"2018-07-01 09:39:00",1559.00
"2018-07-01 09:40:00",1297.00
"2018-07-01 09:41:00",2239.00
"2018-07-01 09:42:00",1674.00
"2018-07-01 09:43:00",1396.00
"2018-07-01 09:44:00",1403.00
"2018-07-01 09:45:00",972.00
"2018-07-01 09:46:00",1316.00
"2018-07-01 09:47:00",1316.00
"2018-07-01 09:48:00",1316.00
"2018-07-01 09:49:00",784.00
"2018-07-01 09:50:00",804.00
"2018-07-01 09:51:00",801.00
"2018-07-01 09:52:00",753.00
"2018-07-01 09:53:00",756.00
"2018-07-01 09:54:00",795.00
"2018-07-01 09:55:00",801.00
"2018-07-01 09:56:00",795.00
"2018-07-01 09:57:00",775.00
"2018-07-01 09:58:00",803.00
"2018-07-01 09:59:00",749.00
"2018-07-01 10:00:00",780.00
"2018-07-01 10:01:00",752.00
"2018-07-01 10:02:00",723.00
"2018-07-01 10:03:00",826.00
"2018-07-01 10:04:00",787.00
"2018-07-01 10:05:00",739.00
"2018-07-01 10:06:00",721.00
"2018-07-01 10:07:00",731.00
"2018-07-01 10:08:00",777.00
"2018-07-01 10:09:00",851.00
"2018-07-01 10:10:00",933.00
"2018-07-01 10:11:00",993.00
"2018-07-01 10:12:00",1989.00
"2018-07-01 10:13:00",978.00
"2018-07-01 10:14:00",1450.00
"2018-07-01 10:15:00",1912.00
"2018-07-01 10:16:00",912.00
"2018-07-01 10:17:00",1951.00
"2018-07-01 10:18:00",1012.00
"2018-07-01 10:19:00",1020.00
"2018-07-01 10:20:00",2075.00
"2018-07-01 10:21:00",961.00
"2018-07-01 10:22:00",1295.00
"2018-07-01 10:23:00",1249.00
"2018-07-01 10:24:00",739.00
"2018-07-01 10:25:00",699.00
"2018-07-01 10:26:00",714.00
"2018-07-01 10:27:00",1500.00
"2018-07-01 10:28:00",1033.00
"2018-07-01 10:29:00",1079.00
"2018-07-01 10:30:00",940.00
"2018-07-01 10:31:00",922.00
"2018-07-01 10:32:00",934.00
"2018-07-01 10:33:00",1312.00
"2018-07-01 10:34:00",1325.00
"2018-07-01 10:35:00",940.00
"2018-07-01 10:36:00",948.00
"2018-07-01 10:37:00",921.00
"2018-07-01 10:38:00",948.00
"2018-07-01 10:39:00",996.00
"2018-07-01 10:40:00",985.00
"2018-07-01 10:41:00",899.00
"2018-07-01 10:42:00",1048.00
"2018-07-01 10:43:00",840.00
"2018-07-01 10:44:00",832.00
"2018-07-01 10:45:00",839.00
"2018-07-01 10:46:00",828.00
"2018-07-01 10:47:00",849.00
"2018-07-01 10:48:00",839.00
"2018-07-01 10:49:00",803.00
"2018-07-01 10:50:00",785.00
"2018-07-01 10:51:00",726.00
"2018-07-01 10:52:00",784.00
"2018-07-01 10:53:00",730.00
"2018-07-01 10:54:00",756.00
"2018-07-01 10:55:00",773.00
"2018-07-01 10:56:00",727.00
"2018-07-01 10:57:00",688.00
"2018-07-01 10:58:00",700.00
"2018-07-01 10:59:00",730.00
"2018-07-01 11:00:00",688.00
"2018-07-01 11:01:00",694.00
"2018-07-01 11:02:00",703.00
"2018-07-01 11:03:00",777.00
"2018-07-01 11:04:00",796.00
"2018-07-01 11:05:00",899.00
"2018-07-01 11:06:00",915.00
"2018-07-01 11:07:00",884.00
"2018-07-01 11:08:00",1478.00
"2018-07-01 11:09:00",1448.00
"2018-07-01 11:10:00",805.00
"2018-07-01 11:11:00",810.00
"2018-07-01 11:12:00",1564.00
"2018-07-01 11:13:00",818.00
"2018-07-01 11:14:00",774.00
"2018-07-01 11:15:00",848.00
"2018-07-01 11:16:00",806.00
"2018-07-01 11:17:00",749.00
"2018-07-01 11:18:00",740.00
"2018-07-01 11:19:00",742.00
"2018-07-01 11:20:00",705.00
"2018-07-01 11:21:00",679.00
"2018-07-01 11:22:00",621.00
"2018-07-01 11:23:00",653.00
"2018-07-01 11:24:00",770.00
"2018-07-01 11:25:00",807.00
"2018-07-01 11:26:00",786.00
"2018-07-01 11:27:00",816.00
"2018-07-01 11:28:00",784.00
"2018-07-01 11:29:00",791.00
"2018-07-01 11:30:00",804.00
"2018-07-01 11:31:00",780.00
"2018-07-01 11:32:00",755.00
"2018-07-01 11:33:00",649.00
"2018-07-01 11:34:00",484.00
"2018-07-01 11:35:00",507.00
"2018-07-01 11:36:00",532.00
"2018-07-01 11:37:00",698.00
"2018-07-01 11:38:00",561.00
"2018-07-01 11:39:00",553.00
"2018-07-01 11:40:00",745.00
"2018-07-01 11:41:00",734.00
"2018-07-01 11:42:00",865.00
"2018-07-01 11:43:00",777.00
"2018-07-01 11:44:00",639.00
"2018-07-01 11:45:00",718.00
"2018-07-01 11:46:00",512.00
"2018-07-01 11:47:00",688.00
"2018-07-01 11:48:00",513.00
"2018-07-01 11:49:00",550.00
"2018-07-01 11:50:00",500.00
"2018-07-01 11:51:00",443.00
"2018-07-01 11:52:00",468.00
"2018-07-01 11:53:00",455.00
"2018-07-01 11:54:00",471.00
"2018-07-01 11:55:00",481.00
"2018-07-01 11:56:00",458.00
"2018-07-01 11:57:00",476.00
"2018-07-01 11:58:00",597.00
"2018-07-01 11:59:00",617.00
"2018-07-01 12:00:00",630.00
"2018-07-01 12:01:00",656.00
"2018-07-01 12:02:00",572.00
"2018-07-01 12:03:00",638.00
"2018-07-01 12:04:00",666.00
"2018-07-01 12:05:00",688.00
"2018-07-01 12:06:00",665.00
"2018-07-01 12:07:00",778.00
"2018-07-01 12:08:00",850.00
"2018-07-01 12:09:00",715.00
"2018-07-01 12:10:00",706.00
"2018-07-01 12:11:00",732.00
"2018-07-01 12:12:00",578.00
"2018-07-01 12:13:00",434.00
"2018-07-01 12:14:00",1055.00
"2018-07-01 12:15:00",591.00
"2018-07-01 12:16:00",585.00
"2018-07-01 12:17:00",599.00
"2018-07-01 12:18:00",904.00
"2018-07-01 12:19:00",1159.00
"2018-07-01 12:20:00",2289.00
"2018-07-01 12:21:00",4020.00
"2018-07-01 12:22:00",3120.00
"2018-07-01 12:23:00",1715.00
"2018-07-01 12:24:00",584.00
"2018-07-01 12:25:00",1479.00
"2018-07-01 12:26:00",578.00
"2018-07-01 12:27:00",1520.00
"2018-07-01 12:28:00",460.00
"2018-07-01 12:29:00",1213.00
"2018-07-01 12:30:00",962.00
"2018-07-01 12:31:00",922.00
"2018-07-01 12:32:00",1360.00
"2018-07-01 12:33:00",1044.00
"2018-07-01 12:34:00",1050.00
"2018-07-01 12:35:00",1451.00
"2018-07-01 12:36:00",521.00
"2018-07-01 12:37:00",1409.00
"2018-07-01 12:38:00",909.00
"2018-07-01 12:39:00",529.00
"2018-07-01 12:40:00",652.00
"2018-07-01 12:41:00",872.00
"2018-07-01 12:42:00",713.00
"2018-07-01 12:43:00",1102.00
"2018-07-01 12:44:00",1273.00
"2018-07-01 12:45:00",906.00
"2018-07-01 12:46:00",412.00
"2018-07-01 12:47:00",1076.00
"2018-07-01 12:48:00",1070.00
"2018-07-01 12:49:00",1872.00
"2018-07-01 12:50:00",960.00
"2018-07-01 12:51:00",1025.00
"2018-07-01 12:52:00",891.00
"2018-07-01 12:53:00",728.00
"2018-07-01 12:54:00",624.00
"2018-07-01 12:55:00",556.00
"2018-07-01 12:56:00",701.00
"2018-07-01 12:57:00",437.00
"2018-07-01 12:58:00",762.00
"2018-07-01 12:59:00",364.00
"2018-07-01 13:00:00",1135.00
"2018-07-01 13:01:00",957.00
"2018-07-01 13:02:00",457.00
"2018-07-01 13:03:00",834.00
"2018-07-01 13:04:00",812.00
"2018-07-01 13:05:00",305.00
"2018-07-01 13:06:00",713.00
"2018-07-01 13:07:00",385.00
"2018-07-01 13:08:00",278.00
"2018-07-01 13:09:00",358.00
"2018-07-01 13:10:00",375.00
"2018-07-01 13:11:00",266.00
"2018-07-01 13:12:00",255.00
"2018-07-01 13:13:00",2142.00
"2018-07-01 13:14:00",1810.00
"2018-07-01 13:15:00",1298.00
"2018-07-01 13:16:00",1233.00
"2018-07-01 13:17:00",1165.00
"2018-07-01 13:18:00",2347.00
"2018-07-01 13:19:00",1847.00
"2018-07-01 13:20:00",1272.00
"2018-07-01 13:21:00",774.00
"2018-07-01 13:22:00",717.00
"2018-07-01 13:23:00",280.00
"2018-07-01 13:24:00",310.00
"2018-07-01 13:25:00",908.00
"2018-07-01 13:26:00",774.00
"2018-07-01 13:27:00",469.00
"2018-07-01 13:28:00",939.00
"2018-07-01 13:29:00",511.00
"2018-07-01 13:30:00",927.00
"2018-07-01 13:31:00",1000.00
"2018-07-01 13:32:00",749.00
"2018-07-01 13:33:00",1618.00
"2018-07-01 13:34:00",1136.00
"2018-07-01 13:35:00",686.00
"2018-07-01 13:36:00",997.00
"2018-07-01 13:37:00",336.00
"2018-07-01 13:38:00",870.00
"2018-07-01 13:39:00",1332.00
"2018-07-01 13:40:00",889.00
"2018-07-01 13:41:00",432.00
"2018-07-01 13:42:00",305.00
"2018-07-01 13:43:00",290.00
"2018-07-01 13:44:00",263.00
"2018-07-01 13:45:00",261.00
"2018-07-01 13:46:00",225.00
"2018-07-01 13:47:00",239.00
"2018-07-01 13:48:00",1010.00
"2018-07-01 13:49:00",1148.00
"2018-07-01 13:50:00",442.00
"2018-07-01 13:51:00",476.00
"2018-07-01 13:52:00",503.00
"2018-07-01 13:53:00",826.00
"2018-07-01 13:54:00",891.00
"2018-07-01 13:55:00",1092.00
"2018-07-01 13:56:00",639.00
"2018-07-01 13:57:00",289.00
"2018-07-01 13:58:00",238.00
"2018-07-01 13:59:00",223.00
"2018-07-01 14:00:00",236.00
"2018-07-01 14:01:00",244.00
"2018-07-01 14:02:00",261.00
"2018-07-01 14:03:00",247.00
"2018-07-01 14:04:00",261.00
"2018-07-01 14:05:00",236.00
"2018-07-01 14:06:00",251.00
"2018-07-01 14:07:00",606.00
"2018-07-01 14:08:00",484.00
"2018-07-01 14:09:00",401.00
"2018-07-01 14:10:00",495.00
"2018-07-01 14:11:00",334.00
"2018-07-01 14:12:00",239.00
"2018-07-01 14:13:00",232.00
"2018-07-01 14:14:00",272.00
"2018-07-01 14:15:00",236.00
"2018-07-01 14:16:00",258.00
"2018-07-01 14:17:00",300.00
"2018-07-01 14:18:00",282.00
"2018-07-01 14:19:00",282.00
"2018-07-01 14:20:00",286.00
"2018-07-01 14:21:00",234.00
"2018-07-01 14:22:00",238.00
"2018-07-01 14:23:00",394.00
"2018-07-01 14:24:00",617.00
"2018-07-01 14:25:00",392.00
"2018-07-01 14:26:00",277.00
"2018-07-01 14:27:00",433.00
"2018-07-01 14:28:00",434.00
"2018-07-01 14:29:00",490.00
"2018-07-01 14:30:00",385.00
"2018-07-01 14:31:00",450.00
"2018-07-01 14:32:00",449.00
"2018-07-01 14:33:00",467.00
"2018-07-01 14:34:00",520.00
"2018-07-01 14:35:00",458.00
"2018-07-01 14:36:00",492.00
"2018-07-01 14:37:00",465.00
"2018-07-01 14:38:00",481.00
"2018-07-01 14:39:00",452.00
"2018-07-01 14:40:00",492.00
"2018-07-01 14:41:00",476.00
"2018-07-01 14:42:00",468.00
"2018-07-01 14:43:00",566.00
"2018-07-01 14:44:00",631.00
"2018-07-01 14:45:00",392.00
"2018-07-01 14:46:00",525.00
"2018-07-01 14:47:00",287.00
"2018-07-01 14:48:00",256.00
"2018-07-01 14:49:00",267.00
"2018-07-01 14:50:00",285.00
"2018-07-01 14:51:00",771.00
"2018-07-01 14:52:00",617.00
"2018-07-01 14:53:00",800.00
"2018-07-01 14:54:00",905.00
"2018-07-01 14:55:00",899.00
"2018-07-01 14:56:00",942.00
"2018-07-01 14:57:00",892.00
"2018-07-01 14:58:00",413.00
"2018-07-01 14:59:00",960.00
"2018-07-01 15:00:00",925.00
"2018-07-01 15:01:00",824.00
"2018-07-01 15:02:00",763.00
"2018-07-01 15:03:00",619.00
"2018-07-01 15:04:00",734.00
"2018-07-01 15:05:00",414.00
"2018-07-01 15:06:00",749.00
"2018-07-01 15:07:00",862.00
"2018-07-01 15:08:00",1020.00
"2018-07-01 15:09:00",1058.00
"2018-07-01 15:10:00",841.00
"2018-07-01 15:11:00",588.00
"2018-07-01 15:12:00",340.00
"2018-07-01 15:13:00",1091.00
"2018-07-01 15:14:00",1173.00
"2018-07-01 15:15:00",1188.00
"2018-07-01 15:16:00",1201.00
"2018-07-01 15:17:00",1253.00
"2018-07-01 15:18:00",1216.00
"2018-07-01 15:19:00",1262.00
"2018-07-01 15:20:00",1002.00
"2018-07-01 15:21:00",1137.00
"2018-07-01 15:22:00",1359.00
"2018-07-01 15:23:00",1416.00
"2018-07-01 15:24:00",927.00
"2018-07-01 15:25:00",430.00
"2018-07-01 15:26:00",738.00
"2018-07-01 15:27:00",775.00
"2018-07-01 15:28:00",299.00
"2018-07-01 15:29:00",242.00
"2018-07-01 15:30:00",241.00
"2018-07-01 15:31:00",236.00
"2018-07-01 15:32:00",260.00
"2018-07-01 15:33:00",239.00
"2018-07-01 15:34:00",225.00
"2018-07-01 15:35:00",413.00
"2018-07-01 15:36:00",797.00
"2018-07-01 15:37:00",1132.00
"2018-07-01 15:38:00",1161.00
"2018-07-01 15:39:00",1122.00
"2018-07-01 15:40:00",1239.00
"2018-07-01 15:41:00",304.00
"2018-07-01 15:42:00",278.00
"2018-07-01 15:43:00",831.00
"2018-07-01 15:44:00",431.00
"2018-07-01 15:45:00",238.00
"2018-07-01 15:46:00",231.00
"2018-07-01 15:47:00",708.00
"2018-07-01 15:48:00",530.00
"2018-07-01 15:49:00",725.00
"2018-07-01 15:50:00",475.00
"2018-07-01 15:51:00",474.00
"2018-07-01 15:52:00",226.00
"2018-07-01 15:53:00",254.00
"2018-07-01 15:54:00",265.00
"2018-07-01 15:55:00",244.00
"2018-07-01 15:56:00",590.00
"2018-07-01 15:57:00",1004.00
"2018-07-01 15:58:00",1025.00
"2018-07-01 15:59:00",1020.00
"2018-07-01 16:00:00",899.00
"2018-07-01 16:01:00",252.00
"2018-07-01 16:02:00",472.00
"2018-07-01 16:03:00",848.00
"2018-07-01 16:04:00",268.00
"2018-07-01 16:05:00",259.00
"2018-07-01 16:06:00",253.00
"2018-07-01 16:07:00",1042.00
"2018-07-01 16:08:00",1035.00
"2018-07-01 16:09:00",1113.00
"2018-07-01 16:10:00",1541.00
"2018-07-01 16:11:00",1511.00
"2018-07-01 16:12:00",1921.00
"2018-07-01 16:13:00",450.00
"2018-07-01 16:14:00",705.00
"2018-07-01 16:15:00",1114.00
"2018-07-01 16:16:00",971.00
"2018-07-01 16:17:00",424.00
"2018-07-01 16:18:00",359.00
"2018-07-01 16:19:00",440.00
"2018-07-01 16:20:00",549.00
"2018-07-01 16:21:00",957.00
"2018-07-01 16:22:00",607.00
"2018-07-01 16:23:00",299.00
"2018-07-01 16:24:00",548.00
"2018-07-01 16:25:00",744.00
"2018-07-01 16:26:00",707.00
"2018-07-01 16:27:00",689.00
"2018-07-01 16:28:00",623.00
"2018-07-01 16:29:00",644.00
"2018-07-01 16:30:00",626.00
"2018-07-01 16:31:00",365.00
"2018-07-01 16:32:00",362.00
"2018-07-01 16:33:00",424.00
"2018-07-01 16:34:00",466.00
"2018-07-01 16:35:00",1186.00
"2018-07-01 16:36:00",983.00
"2018-07-01 16:37:00",318.00
"2018-07-01 16:38:00",374.00
"2018-07-01 16:39:00",280.00
"2018-07-01 16:40:00",270.00
"2018-07-01 16:41:00",263.00
"2018-07-01 16:42:00",248.00
"2018-07-01 16:43:00",377.00
"2018-07-01 16:44:00",452.00
"2018-07-01 16:45:00",289.00
"2018-07-01 16:46:00",468.00
"2018-07-01 16:47:00",494.00
"2018-07-01 16:48:00",450.00
"2018-07-01 16:49:00",322.00
"2018-07-01 16:50:00",394.00
"2018-07-01 16:51:00",351.00
"2018-07-01 16:52:00",322.00
"2018-07-01 16:53:00",361.00
"2018-07-01 16:54:00",299.00
"2018-07-01 16:55:00",237.00
"2018-07-01 16:56:00",273.00
"2018-07-01 16:57:00",360.00
"2018-07-01 16:58:00",379.00
"2018-07-01 16:59:00",452.00
"2018-07-01 17:00:00",449.00
"2018-07-01 17:01:00",387.00
"2018-07-01 17:02:00",435.00
"2018-07-01 17:03:00",434.00
"2018-07-01 17:04:00",452.00
"2018-07-01 17:05:00",487.00
"2018-07-01 17:06:00",420.00
"2018-07-01 17:07:00",411.00
"2018-07-01 17:08:00",449.00
"2018-07-01 17:09:00",495.00
"2018-07-01 17:10:00",513.00
"2018-07-01 17:11:00",515.00
"2018-07-01 17:12:00",511.00
"2018-07-01 17:13:00",527.00
"2018-07-01 17:14:00",569.00
"2018-07-01 17:15:00",599.00
"2018-07-01 17:16:00",568.00
"2018-07-01 17:17:00",552.00
"2018-07-01 17:18:00",549.00
"2018-07-01 17:19:00",548.00
"2018-07-01 17:20:00",542.00
"2018-07-01 17:21:00",462.00
"2018-07-01 17:22:00",477.00
"2018-07-01 17:23:00",444.00
"2018-07-01 17:24:00",468.00
"2018-07-01 17:25:00",459.00
"2018-07-01 17:26:00",463.00
"2018-07-01 17:27:00",447.00
"2018-07-01 17:28:00",476.00
"2018-07-01 17:29:00",482.00
"2018-07-01 17:30:00",457.00
"2018-07-01 17:31:00",532.00
"2018-07-01 17:32:00",473.00
"2018-07-01 17:33:00",488.00
"2018-07-01 17:34:00",568.00
"2018-07-01 17:35:00",1816.00
"2018-07-01 17:36:00",1286.00
"2018-07-01 17:37:00",513.00
"2018-07-01 17:38:00",542.00
"2018-07-01 17:39:00",549.00
"2018-07-01 17:40:00",573.00
"2018-07-01 17:41:00",543.00
"2018-07-01 17:42:00",539.00
"2018-07-01 17:43:00",505.00
"2018-07-01 17:44:00",539.00
"2018-07-01 17:45:00",609.00
"2018-07-01 17:46:00",663.00
"2018-07-01 17:47:00",669.00
"2018-07-01 17:48:00",1191.00
"2018-07-01 17:49:00",641.00
"2018-07-01 17:50:00",859.00
"2018-07-01 17:51:00",852.00
"2018-07-01 17:52:00",674.00
"2018-07-01 17:53:00",1308.00
"2018-07-01 17:54:00",1064.00
"2018-07-01 17:55:00",657.00
"2018-07-01 17:56:00",663.00
"2018-07-01 17:57:00",648.00
"2018-07-01 17:58:00",1169.00
"2018-07-01 17:59:00",721.00
"2018-07-01 18:00:00",685.00
"2018-07-01 18:01:00",744.00
"2018-07-01 18:02:00",548.00
"2018-07-01 18:03:00",537.00
"2018-07-01 18:04:00",587.00
"2018-07-01 18:05:00",610.00
"2018-07-01 18:06:00",636.00
"2018-07-01 18:07:00",640.00
"2018-07-01 18:08:00",633.00
"2018-07-01 18:09:00",576.00
"2018-07-01 18:10:00",1178.00
"2018-07-01 18:11:00",589.00
"2018-07-01 18:12:00",534.00
"2018-07-01 18:13:00",542.00
"2018-07-01 18:14:00",850.00
"2018-07-01 18:15:00",1229.00
"2018-07-01 18:16:00",1183.00
"2018-07-01 18:17:00",1222.00
"2018-07-01 18:18:00",1236.00
"2018-07-01 18:19:00",1203.00
"2018-07-01 18:20:00",1213.00
"2018-07-01 18:21:00",1200.00
"2018-07-01 18:22:00",1173.00
"2018-07-01 18:23:00",1247.00
"2018-07-01 18:24:00",1242.00
"2018-07-01 18:25:00",1210.00
"2018-07-01 18:26:00",1219.00
"2018-07-01 18:27:00",1198.00
"2018-07-01 18:28:00",1262.00
"2018-07-01 18:29:00",1319.00
"2018-07-01 18:30:00",1310.00
"2018-07-01 18:31:00",1312.00
"2018-07-01 18:32:00",1197.00
"2018-07-01 18:33:00",1186.00
"2018-07-01 18:34:00",1196.00
"2018-07-01 18:35:00",1167.00
"2018-07-01 18:36:00",1136.00
"2018-07-01 18:37:00",1158.00
"2018-07-01 18:38:00",1236.00
"2018-07-01 18:39:00",1211.00
"2018-07-01 18:40:00",1263.00
"2018-07-01 18:41:00",1295.00
"2018-07-01 18:42:00",1405.00
"2018-07-01 18:43:00",1324.00
"2018-07-01 18:44:00",1240.00
"2018-07-01 18:45:00",1272.00
"2018-07-01 18:46:00",1945.00
"2018-07-01 18:47:00",1130.00
"2018-07-01 18:48:00",2360.00
"2018-07-01 18:49:00",3441.00
"2018-07-01 18:50:00",3430.00
"2018-07-01 18:51:00",3382.00
"2018-07-01 18:52:00",3378.00
"2018-07-01 18:53:00",3341.00
"2018-07-01 18:54:00",3438.00
"2018-07-01 18:55:00",3737.00
"2018-07-01 18:56:00",3709.00
"2018-07-01 18:57:00",3406.00
"2018-07-01 18:58:00",3365.00
"2018-07-01 18:59:00",3396.00
"2018-07-01 19:00:00",3396.00
"2018-07-01 19:01:00",3170.00
"2018-07-01 19:02:00",3294.00
"2018-07-01 19:03:00",3206.00
"2018-07-01 19:04:00",1185.00
"2018-07-01 19:05:00",1216.00
"2018-07-01 19:06:00",3348.00
"2018-07-01 19:07:00",3315.00
"2018-07-01 19:08:00",1355.00
"2018-07-01 19:09:00",1296.00
"2018-07-01 19:10:00",1214.00
"2018-07-01 19:11:00",1111.00
"2018-07-01 19:12:00",1305.00
"2018-07-01 19:13:00",1264.00
"2018-07-01 19:14:00",1355.00
"2018-07-01 19:15:00",1279.00
"2018-07-01 19:16:00",1243.00
"2018-07-01 19:17:00",1262.00
"2018-07-01 19:18:00",1288.00
"2018-07-01 19:19:00",1339.00
"2018-07-01 19:20:00",1253.00
"2018-07-01 19:21:00",1299.00
"2018-07-01 19:22:00",1333.00
"2018-07-01 19:23:00",1257.00
"2018-07-01 19:24:00",2016.00
"2018-07-01 19:25:00",1249.00
"2018-07-01 19:26:00",1322.00
"2018-07-01 19:27:00",821.00
"2018-07-01 19:28:00",622.00
"2018-07-01 19:29:00",601.00
"2018-07-01 19:30:00",600.00
"2018-07-01 19:31:00",584.00
"2018-07-01 19:32:00",572.00
"2018-07-01 19:33:00",553.00
"2018-07-01 19:34:00",552.00
"2018-07-01 19:35:00",524.00
"2018-07-01 19:36:00",3091.00
"2018-07-01 19:37:00",1179.00
"2018-07-01 19:38:00",580.00
"2018-07-01 19:39:00",555.00
"2018-07-01 19:40:00",517.00
"2018-07-01 19:41:00",466.00
"2018-07-01 19:42:00",436.00
"2018-07-01 19:43:00",971.00
"2018-07-01 19:44:00",409.00
"2018-07-01 19:45:00",423.00
"2018-07-01 19:46:00",445.00
"2018-07-01 19:47:00",461.00
"2018-07-01 19:48:00",421.00
"2018-07-01 19:49:00",427.00
"2018-07-01 19:50:00",449.00
"2018-07-01 19:51:00",431.00
"2018-07-01 19:52:00",441.00
"2018-07-01 19:53:00",424.00
"2018-07-01 19:54:00",407.00
"2018-07-01 19:55:00",402.00
"2018-07-01 19:56:00",423.00
"2018-07-01 19:57:00",466.00
"2018-07-01 19:58:00",497.00
"2018-07-01 19:59:00",478.00
"2018-07-01 20:00:00",468.00
"2018-07-01 20:01:00",540.00
"2018-07-01 20:02:00",486.00
"2018-07-01 20:03:00",460.00
"2018-07-01 20:04:00",498.00
"2018-07-01 20:05:00",523.00
"2018-07-01 20:06:00",448.00
"2018-07-01 20:07:00",496.00
"2018-07-01 20:08:00",514.00
"2018-07-01 20:09:00",433.00
"2018-07-01 20:10:00",540.00
"2018-07-01 20:11:00",494.00
"2018-07-01 20:12:00",586.00
"2018-07-01 20:13:00",
"2018-07-01 20:14:00",525.00
"2018-07-01 20:15:00",
"2018-07-01 20:16:00",
"2018-07-01 20:17:00",506.00
"2018-07-01 20:18:00",
"2018-07-01 20:19:00",
"2018-07-01 20:20:00",567.00
"2018-07-01 20:21:00",1149.00
"2018-07-01 20:22:00",588.00
"2018-07-01 20:23:00",612.00
"2018-07-01 20:24:00",564.00
"2018-07-01 20:25:00",568.00
"2018-07-01 20:26:00",526.00
"2018-07-01 20:27:00",516.00
"2018-07-01 20:28:00",522.00
"2018-07-01 20:29:00",619.00
"2018-07-01 20:30:00",598.00
"2018-07-01 20:31:00",621.00
"2018-07-01 20:32:00",625.00
"2018-07-01 20:33:00",625.00
"2018-07-01 20:34:00",644.00
"2018-07-01 20:35:00",653.00
"2018-07-01 20:36:00",660.00
"2018-07-01 20:37:00",588.00
"2018-07-01 20:38:00",565.00
"2018-07-01 20:39:00",599.00
"2018-07-01 20:40:00",585.00
"2018-07-01 20:41:00",616.00
"2018-07-01 20:42:00",623.00
"2018-07-01 20:43:00",628.00
"2018-07-01 20:44:00",666.00
"2018-07-01 20:45:00",719.00
"2018-07-01 20:46:00",984.00
"2018-07-01 20:47:00",1041.00
"2018-07-01 20:48:00",632.00
"2018-07-01 20:49:00",626.00
"2018-07-01 20:50:00",627.00
"2018-07-01 20:51:00",630.00
"2018-07-01 20:52:00",639.00
"2018-07-01 20:53:00",653.00
"2018-07-01 20:54:00",657.00
"2018-07-01 20:55:00",663.00
"2018-07-01 20:56:00",653.00
"2018-07-01 20:57:00",661.00
"2018-07-01 20:58:00",669.00
"2018-07-01 20:59:00",660.00
"2018-07-01 21:00:00",670.00
"2018-07-01 21:01:00",669.00
"2018-07-01 21:02:00",666.00
"2018-07-01 21:03:00",655.00
"2018-07-01 21:04:00",669.00
"2018-07-01 21:05:00",653.00
"2018-07-01 21:06:00",711.00
"2018-07-01 21:07:00",710.00
"2018-07-01 21:08:00",696.00
"2018-07-01 21:09:00",723.00
"2018-07-01 21:10:00",688.00
"2018-07-01 21:11:00",688.00
"2018-07-01 21:12:00",687.00
"2018-07-01 21:13:00",704.00
"2018-07-01 21:14:00",669.00
"2018-07-01 21:15:00",668.00
"2018-07-01 21:16:00",656.00
"2018-07-01 21:17:00",667.00
"2018-07-01 21:18:00",671.00
"2018-07-01 21:19:00",657.00
"2018-07-01 21:20:00",662.00
"2018-07-01 21:21:00",669.00
"2018-07-01 21:22:00",651.00
"2018-07-01 21:23:00",673.00
"2018-07-01 21:24:00",667.00
"2018-07-01 21:25:00",658.00
"2018-07-01 21:26:00",670.00
"2018-07-01 21:27:00",661.00
"2018-07-01 21:28:00",656.00
"2018-07-01 21:29:00",656.00
"2018-07-01 21:30:00",666.00
"2018-07-01 21:31:00",654.00
"2018-07-01 21:32:00",665.00
"2018-07-01 21:33:00",664.00
"2018-07-01 21:34:00",658.00
"2018-07-01 21:35:00",660.00
"2018-07-01 21:36:00",658.00
"2018-07-01 21:37:00",680.00
"2018-07-01 21:38:00",779.00
"2018-07-01 21:39:00",764.00
"2018-07-01 21:40:00",669.00
"2018-07-01 21:41:00",980.00
"2018-07-01 21:42:00",1001.00
"2018-07-01 21:43:00",674.00
"2018-07-01 21:44:00",680.00
"2018-07-01 21:45:00",686.00
"2018-07-01 21:46:00",710.00
"2018-07-01 21:47:00",705.00
"2018-07-01 21:48:00",725.00
"2018-07-01 21:49:00",758.00
"2018-07-01 21:50:00",739.00
"2018-07-01 21:51:00",723.00
"2018-07-01 21:52:00",731.00
"2018-07-01 21:53:00",693.00
"2018-07-01 21:54:00",714.00
"2018-07-01 21:55:00",713.00
"2018-07-01 21:56:00",715.00
"2018-07-01 21:57:00",709.00
"2018-07-01 21:58:00",716.00
"2018-07-01 21:59:00",719.00
"2018-07-01 22:00:00",702.00
"2018-07-01 22:01:00",735.00
"2018-07-01 22:02:00",737.00
"2018-07-01 22:03:00",727.00
"2018-07-01 22:04:00",704.00
"2018-07-01 22:05:00",697.00
"2018-07-01 22:06:00",795.00
"2018-07-01 22:07:00",748.00
"2018-07-01 22:08:00",807.00
"2018-07-01 22:09:00",805.00
"2018-07-01 22:10:00",771.00
"2018-07-01 22:11:00",743.00
"2018-07-01 22:12:00",751.00
"2018-07-01 22:13:00",2130.00
"2018-07-01 22:14:00",2493.00
"2018-07-01 22:15:00",2465.00
"2018-07-01 22:16:00",2469.00
"2018-07-01 22:17:00",2435.00
"2018-07-01 22:18:00",2425.00
"2018-07-01 22:19:00",2438.00
"2018-07-01 22:20:00",2449.00
"2018-07-01 22:21:00",2013.00
"2018-07-01 22:22:00",712.00
"2018-07-01 22:23:00",722.00
"2018-07-01 22:24:00",714.00
"2018-07-01 22:25:00",710.00
"2018-07-01 22:26:00",712.00
"2018-07-01 22:27:00",695.00
"2018-07-01 22:28:00",710.00
"2018-07-01 22:29:00",710.00
"2018-07-01 22:30:00",727.00
"2018-07-01 22:31:00",802.00
"2018-07-01 22:32:00",880.00
"2018-07-01 22:33:00",793.00
"2018-07-01 22:34:00",1770.00
"2018-07-01 22:35:00",1026.00
"2018-07-01 22:36:00",761.00
"2018-07-01 22:37:00",719.00
"2018-07-01 22:38:00",786.00
"2018-07-01 22:39:00",748.00
"2018-07-01 22:40:00",686.00
"2018-07-01 22:41:00",624.00
"2018-07-01 22:42:00",1228.00
"2018-07-01 22:43:00",633.00
"2018-07-01 22:44:00",
"2018-07-01 22:45:00",
"2018-07-01 22:46:00",
"2018-07-01 22:47:00",
"2018-07-01 22:48:00",
"2018-07-01 22:49:00",
"2018-07-01 22:50:00",733.00
"2018-07-01 22:51:00",709.00
"2018-07-01 22:52:00",690.00
"2018-07-01 22:53:00",667.00
"2018-07-01 22:54:00",970.00
"2018-07-01 22:55:00",1217.00
"2018-07-01 22:56:00",614.00
"2018-07-01 22:57:00",616.00
"2018-07-01 22:58:00",632.00
"2018-07-01 22:59:00",671.00
"2018-07-01 23:00:00",676.00
"2018-07-01 23:01:00",670.00
"2018-07-01 23:02:00",806.00
"2018-07-01 23:03:00",691.00
"2018-07-01 23:04:00",718.00
"2018-07-01 23:05:00",708.00
"2018-07-01 23:06:00",648.00
"2018-07-01 23:07:00",641.00
"2018-07-01 23:08:00",664.00
"2018-07-01 23:09:00",657.00
"2018-07-01 23:10:00",660.00
"2018-07-01 23:11:00",646.00
"2018-07-01 23:12:00",669.00
"2018-07-01 23:13:00",657.00
"2018-07-01 23:14:00",802.00
"2018-07-01 23:15:00",781.00
"2018-07-01 23:16:00",771.00
"2018-07-01 23:17:00",703.00
"2018-07-01 23:18:00",1318.00
"2018-07-01 23:19:00",799.00
"2018-07-01 23:20:00",664.00
"2018-07-01 23:21:00",644.00
"2018-07-01 23:22:00",628.00
"2018-07-01 23:23:00",560.00
"2018-07-01 23:24:00",543.00
"2018-07-01 23:25:00",518.00
"2018-07-01 23:26:00",545.00
"2018-07-01 23:27:00",489.00
"2018-07-01 23:28:00",461.00
"2018-07-01 23:29:00",1668.00
"2018-07-01 23:30:00",2055.00
"2018-07-01 23:31:00",2120.00
"2018-07-01 23:32:00",2092.00
"2018-07-01 23:33:00",2047.00
"2018-07-01 23:34:00",2014.00
"2018-07-01 23:35:00",2010.00
"2018-07-01 23:36:00",2064.00
"2018-07-01 23:37:00",2021.00
"2018-07-01 23:38:00",2129.00
"2018-07-01 23:39:00",2179.00
"2018-07-01 23:40:00",484.00
"2018-07-01 23:41:00",438.00
"2018-07-01 23:42:00",445.00
"2018-07-01 23:43:00",439.00
"2018-07-01 23:44:00",444.00
"2018-07-01 23:45:00",496.00
"2018-07-01 23:46:00",459.00
"2018-07-01 23:47:00",354.00
"2018-07-01 23:48:00",
"2018-07-01 23:49:00",911.00
"2018-07-01 23:50:00",652.00
"2018-07-01 23:51:00",355.00
"2018-07-01 23:52:00",367.00
"2018-07-01 23:53:00",
"2018-07-01 23:54:00",
"2018-07-01 23:55:00",
"2018-07-01 23:56:00",
"2018-07-01 23:57:00",
"2018-07-01 23:58:00",
"2018-07-01 23:59:00"
